<?xml version="1.0" encoding="UTF-8"?>
<project-private xmlns="http://www.netbeans.org/ns/project-private/1">
    <editor-bookmarks xmlns="http://www.netbeans.org/ns/editor-bookmarks/2" lastBookmarkId="0"/>
    <open-files xmlns="http://www.netbeans.org/ns/projectui-open-files/2">
        <group>
            <file>file:/F:/Schule/11.%20Klasse/Informatik/Projekt/Versuch/Restaurantverwaltung/src/restaurantverwaltung/Angebot.java</file>
            <file>file:/F:/Schule/11.%20Klasse/Informatik/Projekt/Versuch/Restaurantverwaltung/src/restaurantverwaltung/Kueche.java</file>
            <file>file:/F:/Schule/11.%20Klasse/Informatik/Projekt/Versuch/Restaurantverwaltung/src/restaurantverwaltung/Restaurant.java</file>
            <file>file:/F:/Schule/11.%20Klasse/Informatik/Projekt/Versuch/Restaurantverwaltung/src/restaurantverwaltung/Main.java</file>
            <file>file:/F:/Schule/11.%20Klasse/Informatik/Projekt/Versuch/Restaurantverwaltung/src/restaurantverwaltung/Oberflaeche.java</file>
            <file>file:/F:/Schule/11.%20Klasse/Informatik/Projekt/Versuch/Restaurantverwaltung/src/restaurantverwaltung/Bestellung.java</file>
            <file>file:/F:/Schule/11.%20Klasse/Informatik/Projekt/Versuch/Restaurantverwaltung/src/restaurantverwaltung/Tisch.java</file>
        </group>
    </open-files>
</project-private>
